<?xml version="1.0" encoding="UTF-8" standalone="yes"?>
<addon id="BillionaireWolves.ABillionairesJourney" name="A Billionaires Journey" version="0.0.1" provider-name="Me">
	<extension point="xbmc.addon.repository" name="A Billionaires Journey">
		<dir>
			<info compressed="false">https://raw.githubusercontent.com/noobsandnerds/modules4all/master/zips/addons.xml</info>
			<checksum>https://raw.githubusercontent.com/noobsandnerds/modules4all/master/zips/addons.xml.md5</checksum>
			<datadir zip="true">https://raw.githubusercontent.com/noobsandnerds/modules4all/master/zips/</datadir>
		</dir>
		<info compressed="false">https://raw.githubusercontent.com/BillionaireWolves/ABillionairesJourney/BillionaireWolves.ABillionairesJourney/master/zips/addons.xml</info>
		<checksum>https://raw.githubusercontent.com/BillionaireWolves/ABillionairesJourney/BillionaireWolves.ABillionairesJourney/master/zips/addons.xml.md5</checksum>
		<datadir zip="true">https://raw.githubusercontent.com/BillionaireWolves/ABillionairesJourney/BillionaireWolves.ABillionairesJourney/master/zips/</datadir>
	</extension>
	<extension point="xbmc.addon.metadata">
		<summary lang="en">A Billionaires Journey Be Inspired To Achieve More</summary>
		<description lang="en">Welcome To A Billionaires Journey Helping To Expand More Content From Around The Galaxy</description>
		<genre>adult,anime,audiobooks,comedy,comics,devtools,documentary,downloads,food,gaming,health,howto,kids,livetv,movies,music,news,podcasts,radio,religion,space,sports,subscription,tech,trailers,tvshows,wizard,usa</genre>
	</extension>
</addon>